{
  "F1": {
    "min": 914.0,
    "max": 1200.0,
    "range": 286.0,
    "mean": 1096.6189814814816
  },
  "F2": {
    "min": 19.0,
    "max": 22.2,
    "range": 3.1999999999999993,
    "mean": 20.399791666666665
  },
  "F3": {
    "min": 1600.0,
    "max": 1922.0,
    "range": 322.0,
    "mean": 1745.1824074074075
  },
  "F4": {
    "min": 96.0,
    "max": 120.0,
    "range": 24.0,
    "mean": 115.15902777777778
  },
  "F5": {
    "min": 88.4,
    "max": 95.0,
    "range": 6.599999999999994,
    "mean": 91.96027777777779
  },
  "F6": {
    "min": 850.0,
    "max": 891.0,
    "range": 41.0,
    "mean": 861.5486111111111
  },
  "F7": {
    "min": 85.0,
    "max": 90.0,
    "range": 5.0,
    "mean": 87.44766203703705
  },
  "F8": {
    "min": 4.0,
    "max": 5.9,
    "range": 1.9000000000000004,
    "mean": 4.939629629629629
  },
  "F9": {
    "min": 8.0,
    "max": 10.0,
    "range": 2.0,
    "mean": 8.719189814814815
  },
  "F10": {
    "min": 908.0,
    "max": 1100.0,
    "range": 192.0,
    "mean": 1048.7233796296296
  },
  "F11": {
    "min": 800.0,
    "max": 1200.0,
    "range": 400.0,
    "mean": 1073.6032407407408
  },
  "F12": {
    "min": 1250.0,
    "max": 1400.0,
    "range": 150.0,
    "mean": 1345.7398148148147
  },
  "F13": {
    "min": 437.0,
    "max": 600.0,
    "range": 163.0,
    "mean": 529.9386574074074
  },
  "F14": {
    "min": 2052.0,
    "max": 2500.0,
    "range": 448.0,
    "mean": 2193.851388888889
  },
  "F15": {
    "min": 10.8,
    "max": 15.0,
    "range": 4.199999999999999,
    "mean": 13.582476851851853
  }
}