{
  "model_name": "SVR (RBF Kernel)",
  "model_type": "nonlinear",
  "test_r2": 0.9997059493172666,
  "cv_r2": 0.9996369645469722,
  "test_rmse": 0.07479020749914578,
  "test_mae": 0.058659735625704354,
  "overfitting": 6.618839265126741e-05,
  "uses_scaled_features": true,
  "feature_names": [
    "F1",
    "F2",
    "F3",
    "F4",
    "F5",
    "F6",
    "F7",
    "F8",
    "F9",
    "F10",
    "F11",
    "F12",
    "F13",
    "F14",
    "F15"
  ],
  "training_samples": 4320,
  "target_range": [
    55.0,
    77.0
  ],
  "target_mean": 61.69805555555555,
  "target_std": 4.148638075960948,
  "all_model_results": {
    "Linear Regression": {
      "test_r2": 0.9501605747015469,
      "cv_r2": 0.9447855525213024,
      "test_rmse": 0.9736887562697398,
      "overfitting": -0.004367669272398844
    },
    "Ridge Regression": {
      "test_r2": 0.9501451159540244,
      "cv_r2": 0.9447871105162312,
      "test_rmse": 0.9738397496004721,
      "overfitting": -0.004352416443976326
    },
    "Polynomial Degree 2": {
      "test_r2": 0.9880436780524139,
      "cv_r2": 0.9852411170483941,
      "test_rmse": 0.4769056223620582,
      "overfitting": -0.0010526946631732592
    },
    "Polynomial Degree 3": {
      "test_r2": 0.9899890153888701,
      "cv_r2": 0.9876390360042903,
      "test_rmse": 0.4363872356656675,
      "overfitting": -0.000875120086443193
    },
    "Random Forest": {
      "test_r2": 0.9969340642048685,
      "cv_r2": 0.996952424771381,
      "test_rmse": 0.24149890728991266,
      "overfitting": 0.002694037769564117
    },
    "Extra Trees": {
      "test_r2": 0.9987887272780325,
      "cv_r2": 0.9984490444453098,
      "test_rmse": 0.15179400179678276,
      "overfitting": 0.0012112715816392505
    },
    "Gradient Boosting": {
      "test_r2": 0.9935111984829716,
      "cv_r2": 0.9933033004237929,
      "test_rmse": 0.3513305269285614,
      "overfitting": 0.0012581541130649576
    },
    "XGBoost": {
      "test_r2": 0.9970031264523755,
      "cv_r2": 0.9972633385485359,
      "test_rmse": 0.2387634531340524,
      "overfitting": 0.002257425567365856
    },
    "SVR (RBF Kernel)": {
      "test_r2": 0.9997059493172666,
      "cv_r2": 0.9996369645469722,
      "test_rmse": 0.07479020749914578,
      "overfitting": 6.618839265126741e-05
    },
    "SVR (Polynomial Kernel)": {
      "test_r2": 0.9958270110032529,
      "cv_r2": 0.995344662105707,
      "test_rmse": 0.28174567749388935,
      "overfitting": 0.0009945981776906532
    },
    "Neural Network (Small)": {
      "test_r2": 0.9925185404850941,
      "cv_r2": 0.9853308392659119,
      "test_rmse": 0.377247879383411,
      "overfitting": 0.0008850329698141257
    },
    "Neural Network (Medium)": {
      "test_r2": 0.9867408380911458,
      "cv_r2": 0.9843254945106331,
      "test_rmse": 0.5022173117226756,
      "overfitting": 0.0022300245317220524
    },
    "Neural Network (Large)": {
      "test_r2": 0.9945947057207845,
      "cv_r2": 0.9897392431204348,
      "test_rmse": 0.3206589112527715,
      "overfitting": 0.0008159911486601557
    }
  }
}