{
  "method": "Multi-Start",
  "model_used": "SVR (RBF Kernel)",
  "target_efficiency": 77.0,
  "achieved_efficiency": 78.09982586477362,
  "improvement_over_max": 1.0998258647736208,
  "optimal_parameters": {
    "F1": 1013.7580953947036,
    "F2": 22.122496925133923,
    "F3": 1796.214592042875,
    "F4": 98.77930234121649,
    "F5": 89.54907789929396,
    "F6": 872.1904654550498,
    "F7": 87.34468923410408,
    "F8": 5.234923267165408,
    "F9": 10.211472067746268,
    "F10": 937.2576402074997,
    "F11": 962.6743757531826,
    "F12": 1291.4952625930625,
    "F13": 490.65841234362136,
    "F14": 2223.7286956865064,
    "F15": 11.864779204729649
  },
  "current_means": {
    "F1": 1096.6189814814816,
    "F2": 20.399791666666665,
    "F3": 1745.1824074074075,
    "F4": 115.15902777777778,
    "F5": 91.96027777777779,
    "F6": 861.5486111111111,
    "F7": 87.44766203703705,
    "F8": 4.939629629629629,
    "F9": 8.719189814814815,
    "F10": 1048.7233796296296,
    "F11": 1073.6032407407408,
    "F12": 1345.7398148148147,
    "F13": 529.9386574074074,
    "F14": 2193.851388888889,
    "F15": 13.582476851851853
  },
  "bounds": {
    "F1": [
      800.0,
      1200.0
    ],
    "F2": [
      20.0,
      25.0
    ],
    "F3": [
      1600.0,
      2000.0
    ],
    "F4": [
      80.0,
      120.0
    ],
    "F5": [
      85.0,
      95.0
    ],
    "F6": [
      850.0,
      900.0
    ],
    "F7": [
      85.0,
      90.0
    ],
    "F8": [
      4.0,
      6.0
    ],
    "F9": [
      8.0,
      12.0
    ],
    "F10": [
      800.0,
      1100.0
    ],
    "F11": [
      800.0,
      1200.0
    ],
    "F12": [
      1200.0,
      1400.0
    ],
    "F13": [
      400.0,
      600.0
    ],
    "F14": [
      2000.0,
      2500.0
    ],
    "F15": [
      8.0,
      15.0
    ]
  },
  "constraint_satisfied": true,
  "bounds_satisfied": true,
  "major_changes": [
    "F4",
    "F9",
    "F10",
    "F11",
    "F15"
  ],
  "moderate_changes": [
    "F1",
    "F2",
    "F8",
    "F13"
  ],
  "minor_changes": [
    "F3",
    "F5",
    "F6",
    "F7",
    "F12",
    "F14"
  ],
  "model_accuracy": 0.9997059493172666,
  "all_methods_tested": [
    "SLSQP",
    "Differential Evolution",
    "Dual Annealing",
    "Basin Hopping",
    "Multi-Start"
  ]
}