{
  "model_name": "SVR (RBF Kernel)",
  "prediction_timestamp": "2025-11-01T02:16:11.024531",
  "input_parameters": {
    "F1": 1200.0,
    "F2": 22.5,
    "F3": 1800.0,
    "F4": 100.0,
    "F5": 90.0,
    "F6": 875.0,
    "F7": 87.5,
    "F8": 5.0,
    "F9": 10.0,
    "F10": 950.0,
    "F11": 1000.0,
    "F12": 1300.0,
    "F13": 500.0,
    "F14": 2250.0,
    "F15": 11.5
  },
  "predicted_efficiency": 69.95756817637289,
  "target_77_achieved": false,
  "expected_error_mae": 0.058659735625704354,
  "model_performance": {
    "test_r2": 0.9997059493172666,
    "cv_r2": 0.9996369645469722
  },
  "parameter_bounds": {
    "F1": [
      800,
      1200
    ],
    "F2": [
      20,
      25
    ],
    "F3": [
      1600,
      2000
    ],
    "F4": [
      80,
      120
    ],
    "F5": [
      85,
      95
    ],
    "F6": [
      850,
      900
    ],
    "F7": [
      85,
      90
    ],
    "F8": [
      4,
      6
    ],
    "F9": [
      8,
      12
    ],
    "F10": [
      800,
      1100
    ],
    "F11": [
      800,
      1200
    ],
    "F12": [
      1200,
      1400
    ],
    "F13": [
      400,
      600
    ],
    "F14": [
      2000,
      2500
    ],
    "F15": [
      8,
      15
    ]
  },
  "all_parameters_valid": true
}