{
  "target_efficiency": 77.0,
  "solutions_found": 3,
  "top_solutions": [
    {
      "rank": 1,
      "efficiency": 78.09982586477362,
      "parameters": {
        "F1": 1013.7580953947036,
        "F2": 22.122496925133923,
        "F3": 1796.214592042875,
        "F4": 98.77930234121649,
        "F5": 89.54907789929396,
        "F6": 872.1904654550498,
        "F7": 87.34468923410408,
        "F8": 5.234923267165408,
        "F9": 10.211472067746268,
        "F10": 937.2576402074997,
        "F11": 962.6743757531826,
        "F12": 1291.4952625930625,
        "F13": 490.65841234362136,
        "F14": 2223.7286956865064,
        "F15": 11.864779204729649
      }
    },
    {
      "rank": 2,
      "efficiency": 78.0998258647686,
      "parameters": {
        "F1": 1013.75799209564,
        "F2": 22.122496989131115,
        "F3": 1796.21459437199,
        "F4": 98.77930164547831,
        "F5": 89.54907802119014,
        "F6": 872.1904682243895,
        "F7": 87.34468918342044,
        "F8": 5.234923402432814,
        "F9": 10.211471959184687,
        "F10": 937.2576631498606,
        "F11": 962.6744374519792,
        "F12": 1291.4952339652784,
        "F13": 490.65843319048963,
        "F14": 2223.7287097022468,
        "F15": 11.864779336531944
      }
    },
    {
      "rank": 3,
      "efficiency": 78.09982586476282,
      "parameters": {
        "F1": 1013.7580730683496,
        "F2": 22.122496969866116,
        "F3": 1796.2143927120437,
        "F4": 98.7793022007509,
        "F5": 89.54907810139666,
        "F6": 872.1904578465616,
        "F7": 87.3446894026402,
        "F8": 5.234923254465235,
        "F9": 10.211472075405913,
        "F10": 937.2576196112202,
        "F11": 962.6743807703867,
        "F12": 1291.4952488465467,
        "F13": 490.65838189567637,
        "F14": 2223.728671415228,
        "F15": 11.86477955095797
      }
    }
  ]
}